OBJECTID,WI_UNIQUE_WELL_NO,COUNTY_NAME,STUDY_WELL_NO,PLSS_DTRS,PLSS_DESC,Shape__Area,Shape__Length
1,HL896,Kenosha,42,4012007,0701N20E,2690574.02655029,6546.7081127117
2,VA085,Kenosha,304,4012236,3601N22E,2627219.89956665,6490.69686467437
3,UE666,Lafayette,271,4030102,0203N01E,2602531.43180084,6441.30437267099
4,NS331,Lafayette,129,4030522,2203N05E,2604759.73191833,6456.34980414203
5,UY822,Lafayette,302,4030434,3403N04E,2581667.90611267,6427.52537173588
6,UT081,Lafayette,287,4020315,1502N03E,2590741.0622406,6444.71659562267
7,VD654,Lafayette,309,4010504,0401N05E,2987911.68955994,6935.085197078
8,ZU742,Lafayette,440,4010112,1201N01E,2589603.1907196,6443.90312817779
9,YB300,Rock,390,4041220,2004N12E,2624965.41577148,6509.97412540958
10,TW823,Rock,259,4031209,0903N12E,2628937.06161499,6478.05202213602
11,SY194,Rock,227,4021102,0202N11E,2609784.09544373,6470.27081585953
12,QO758,Rock,157,4011003,0301N10E,2465514.60417938,6316.23613117532
13,SY177,Rock,226,4011317,1701N13E,2610291.94364929,6463.25563019547
14,FP485,Rock,30,4011214,1401N12E,2649819.58786011,6542.90748912551
15,NQ581,Walworth,126,4041611,1104N16E,2605703.84187317,6479.73513689377
16,ZW512,Walworth,441,4041535,3504N15E,2550462.17234802,6398.6502114362
17,TU229,Walworth,258,4031718,1803N17E,2470655.14891052,6313.12104126502
18,KM406,Walworth,63,4021630,3002N16E,2560982.60850525,6410.13354538054
19,VH712,Walworth,317,4011709,0901N17E,2629607.79676819,6490.13259112073
20,ZY920,Green,447,4030810,1003N08E,2653065.17825317,6508.41255820288
21,XT406,Green,375,4010702,0201N07E,3382997.54986572,7440.31171693389
22,NB361,Racine,114,4042223,2304N22E,2589432.07182312,6462.92767862963
23,SR754,Racine,221,4041926,2604N19E,2583542.12919617,6430.18816545376
24,YV289,Racine,412,4032208,0803N22E,2620361.37487793,6483.71158136923
25,KX999,Racine,72,4031910,1003N19E,2569122.34040833,7133.65471920493
26,IK737,Jefferson,57,4081434,3408N14E,2578435.44903564,6432.05591624047
27,GF543,Jefferson,36,4061305,0506N13E,2627894.52748108,6477.62608473097
28,OG985,Jefferson,137,4061617,1706N16E,2595271.89399719,6464.0832387855
29,SI968,Jefferson,210,4061327,2706N13E,2579922.25485229,6426.21988110532
30,MZ626,Jefferson,112,4051415,1505N14E,2618760.28820801,6464.50165900737
31,YT824,Waukesha,409,4081814,1408N18E,2565495.12789917,6441.04124802832
32,XU919,Waukesha,379,4061820,2006N18E,2563922.95770264,6416.48791438217
33,GI097,Waukesha,38,4062028,2806N20E,2598074.97177124,6452.86616727777
34,EP434,Waukesha,28,4051818,1805N18E,2530201.00584412,6365.59712066977
35,TS508,Iowa,256,4080531,3108N05E,2474194.89122009,6288.5433146105
36,DO974,Iowa,25,4070207,0707N02E,2571587.35949707,6420.23120151221
37,RY181,Iowa,197,4060223,2306N02E,2576418.99195862,6441.20271613691
38,TU093,Iowa,257,4060420,2006N04E,2567084.79711914,6380.70045751721
39,RE098,Iowa,173,4050332,3205N03E,2634735.26657104,6479.09474803323
40,SQ384,Iowa,217,4040109,0904N01E,2612289.99704742,6468.25172018873
41,RT059,Iowa,192,4040415,1504N04E,2620908.57382965,6473.67645300789
42,ID127,Milwaukee,52,4062132,3206N21E,2623493.83151245,6474.61277880877
43,ZY977,Grant,448,2060411,1106N04W,2610547.82190704,6462.87915580113
44,ZY596,Grant,446,2060626,2606N06W,2591304.46798706,6439.06921089775
45,YQ707,Grant,407,2060133,3306N01W,2598545.54055786,6448.54002831173
46,XF641,Grant,355,2050520,2005N05W,2653056.35305023,6515.36888701475
47,VC236,Grant,306,2040419,1904N04W,2506364.4471283,6338.78805017842
48,NS272,Grant,128,2040120,2004N01W,2645983.74832916,6507.17457670273
49,WS885,Grant,336,2030336,3603N03W,2607114.35827637,6458.5588442662
50,XU471,Grant,378,2020305,0502N03W,2634186.81882477,6487.74595881504
51,UW627,Grant,299,2020120,2002N01W,2583557.56756592,6429.52364945609
52,NQ899,Dane,127,4090628,2809N06E,2583108.43493652,6429.19893718111
53,WO259,Dane,328,4091227,2709N12E,2585885.2660675,6436.74579653822
54,DA190,Dane,24,4091034,3409N10E,2581886.17851257,6427.9327354696
55,ND335,Dane,119,4080929,2908N09E,2594843.65545654,6443.56626406442
56,XI517,Dane,358,4070717,1707N07E,2634626.65887451,6493.00584441895
57,AB140,Dane,17,4061009,0906N10E,2517765.72872925,6368.24896574261
58,LJ886,Dane,83,4060825,2506N08E,2536858.71974182,6372.30515188433
59,OL302,Dane,141,4050816,1605N08E,2611458.64028931,6464.97962027288
60,QX100,Dane,160,4050726,2605N07E,2630920.68202209,6487.23024522897
61,FT956,Dane,33,4051028,2805N10E,2620651.30262756,6475.49468917768
62,VF555,Crawford,313,2110335,3511N03W,2712456.53994751,6583.58628990241
63,VJ206,Crawford,319,2110535,3511N05W,2590549.52078247,6436.45669459151
64,YD007,Crawford,395,2100411,1110N04W,2575399.16514587,6441.4630791711
65,ZZ871,Crawford,450,2080626,2608N06W,2597260.7024231,6446.60784909527
66,XW996,Richland,383,2120122,2212N01W,2577816.90293884,6421.54951826938
67,TQ481,Richland,253,2110208,0811N02W,2555732.86828613,6450.74963986988
68,MK752,Richland,98,4100211,1110N02E,2570186.53968811,6410.53271705729
69,WY807,Richland,344,4100110,1010N01E,2438689.21618652,6308.24671331493
70,VF551,Richland,312,2100230,3010N02W,2707233.39215088,6597.53442184506
71,VJ233,Richland,320,4090120,2009N01E,2611426.83082581,6529.10576546287
72,AAG669,Richland,11,2090228,2809N02W,2607502.26087952,6438.86065809377
73,FQ009,Richland,31,4080212,1208N02E,2555841.23774719,6463.44017561356
74,OC875,Washington,136,4122024,2412N20E,2616816.49560547,6471.89935039471
75,TI954,Washington,240,4121822,2212N18E,2619513.01873779,6484.18794103656
76,MK107,Washington,97,4102002,0210N20E,2879055.67747498,6795.12904410474
77,CT162,Washington,22,4091804,0409N18E,2818025.87243652,6717.50549786769
78,VG545,Washington,314,4092014,1409N20E,2571820.54266357,6401.08668913657
79,TC297,Ozaukee,231,4122236,3612N22E,2573879.32380676,6412.97442903825
80,FT634,Ozaukee,32,4102114,1410N21E,2600281.86141968,6446.59386441748
81,LT181,Ozaukee,86,4092123,2309N21E,2615346.5738678,6470.98389012574
82,SA689,Dodge,202,4131408,0813N14E,2613798.27986145,6473.6104135254
83,SQ498,Dodge,218,4131621,2113N16E,2596192.74005127,6458.72173185026
84,TX858,Dodge,263,4121435,3512N14E,2609766.04386902,6468.54889840185
85,FW370,Dodge,34,4111313,1311N13E,2610046.93414307,6441.12950170169
86,DA173,Dodge,23,4111329,2911N13E,2567527.36650085,6413.54106850525
87,UA938,Dodge,267,4101611,1110N16E,2617959.57826233,6486.51775911386
88,YY471,Dodge,415,4091730,3009N17E,2432984.98760986,6258.19718421575
89,UO652,Sauk,280,4130502,0213N05E,2519761.72743225,6339.01100471014
90,TL801,Sauk,246,4130312,1213N03E,2538818.60635376,6374.86263615076
91,SZ078,Sauk,228,4130213,1313N02E,2565882.63092041,6384.18409222007
92,OC421,Sauk,135,4130224,2413N02E,2523231.03285217,6379.29108560161
93,ME721,Sauk,95,4120403,0312N04E,2706901.0075531,6584.52091082056
94,ME744,Sauk,96,4120607,0712N06E,2485197.36906433,6306.94582021984
95,BA569,Sauk,19,4100610,1010N06E,2567159.96058655,6398.97308974626
96,WJ441,Sauk,323,4100511,1110N05E,2565240.50979614,6388.61776658308
97,VH907,Columbia,318,4121212,1212N12E,2603353.72109985,6449.64458582144
98,KK372,Columbia,60,4120915,1512N09E,2599661.73168945,6443.6513950458
99,SA312,Columbia,201,4121029,2912N10E,2583704.07815552,6431.01027607812
100,KX554,Columbia,71,4111016,1611N10E,2582541.70585632,6425.4062182088
101,ZX905,Columbia,443,4110822,2211N08E,2634441.96989441,6496.36664816643
102,UZ048,Vernon,303,2140202,0214N02W,2613048.69059753,6484.36596726525
103,ZT624,Vernon,437,4140127,2714N01E,2591229.61271667,6436.10767562475
104,SJ746,Vernon,211,2130416,1613N04W,2559876.33650208,6403.58066346269
105,UW614,Vernon,298,2120504,0412N05W,2443924.69691467,6286.31976143244
106,UP994,Vernon,282,2120620,2012N06W,2587803.00622559,6433.91073874405
107,UK011,Sheboygan,273,4162205,0516N22E,2623650.56632996,6480.44206141894
108,RW947,Sheboygan,195,4152116,1615N21E,2578887.88569641,6425.8272761367
109,RJ953,Sheboygan,179,4142018,1814N20E,2651116.95759583,6515.58124859571
110,NO155,Sheboygan,123,4142230,3014N22E,2637609.23519897,6493.22762977736
111,NU708,Fond du Lac,131,4161828,2816N18E,2590688.36392212,6424.9912736645
112,SL875,Fond du Lac,213,4151501,0115N15E,2712476.2633667,6584.49954279201
113,QJ105,Fond du Lac,151,4151909,0915N19E,2649614.34529114,6516.01454186462
114,LL046,Fond du Lac,84,4151412,1215N14E,2591032.25302124,6435.97831070879
115,KM693,Fond du Lac,64,4141517,1714N15E,2560851.90161133,6421.08110977169
116,RZ953,Fond du Lac,199,4141919,1914N19E,2572003.63168335,6421.25508712313
117,TH578,Marquette,239,4171108,0817N11E,2600906.8870697,6477.43304780964
118,YU821,Marquette,410,4151006,0615N10E,2529136.25468445,6385.97203884107
119,YG249,Marquette,396,4140815,1514N08E,2609978.65937805,6477.15590459884
120,AAK192,Green Lake,15,4171325,2517N13E,2645124.96192932,6508.66185473297
121,OH620,Green Lake,139,4151305,0515N13E,2743835.94567871,6662.49743314485
122,UC309,Green Lake,269,4141127,2714N11E,2551200.08172607,6409.51973270025
123,ZB593,Green Lake,421,4141128,2814N11E,2571778.12406921,6418.40736511415
124,KL188,La Crosse,61,2180719,1918N07W,2584553.72602844,6409.2537369002
125,IA165,La Crosse,46,2170802,0217N08W,2545140.36427307,6362.17920825621
126,WW068,La Crosse,341,2150710,1015N07W,2580917.74113464,6431.32115138233
127,IB187,La Crosse,48,2150734,3415N07W,2582068.78138733,6431.27079881157
128,RE006,Monroe,171,2190303,0319N03W,2677584.2840271,6543.95737192934
129,WV722,Monroe,340,2180223,2318N02W,2570909.87371826,6417.88728353241
130,SF927,Monroe,206,4180125,2518N01E,2551087.20648193,6377.13022207074
131,QD111,Monroe,150,4180132,3218N01E,2642191.29734802,6482.19345819124
132,OL949,Monroe,143,2170410,1017N04W,2596789.50109863,6441.31886475159
133,QJ249,Monroe,152,2170420,2017N04W,2549629.13195801,6373.97404898443
134,XC043,Monroe,347,2160405,0516N04W,2615920.22155762,6471.11473661985
135,YY357,Monroe,414,2160223,2316N02W,2594803.32554626,6451.4688443187
136,ZU432,Monroe,439,2150426,2615N04W,2575794.16891479,6421.28791799275
137,UW037,Waushara,295,4200835,3520N08E,2586027.59661865,6523.19751310546
138,WS368,Waushara,335,4191116,1619N11E,2569261.94206238,6411.5785058858
139,SH207,Waushara,208,4191230,3019N12E,2774078.8899231,6666.90705494921
140,UA107,Waushara,265,4181116,1618N11E,2603809.07548523,6437.083309415
141,XV936,Juneau,382,4190326,2619N03E,2597761.97283936,6442.74089450138
142,OL829,Juneau,142,4170404,0417N04E,2644138.01696777,6509.9619714224
143,XS548,Juneau,372,4160333,3316N03E,2541890.10588074,6407.88542413913
144,HZ269,Juneau,44,4150311,1115N03E,2583272.87440491,6442.71561118684
145,LV665,Juneau,88,4150527,2715N05E,2625037.27571106,6477.58420457514
146,LU483,Adams,87,4200512,1220N05E,2601922.91671753,6434.38978918206
147,OQ506,Adams,146,4200522,2220N05E,2605899.03120422,6456.89386430104
148,QY178,Adams,165,4180619,1918N06E,2557919.19070435,6401.89518144236
149,OQ432,Adams,145,4170713,1317N07E,2575634.12512207,6445.35717872543
150,QX335,Adams,162,4150710,1015N07E,2544696.509552,6380.93593639245
151,HL078,Winnebago,41,4201520,2020N15E,2564904.31762695,6432.98377790502
152,FK650,Winnebago,29,4201524,2420N15E,2591804.86192322,6434.9403013952
153,RN087,Winnebago,182,4191709,0919N17E,2590200.54496765,6416.16607657858
154,LY074,Winnebago,91,4181620,2018N16E,2645519.78608704,6511.83144501367
155,IG724,Winnebago,56,4171733,3317N17E,2621776.3611145,6499.40931891254
156,UN505,Calumet,278,4202014,1420N20E,2592387.49411011,6450.65664839198
157,LV891,Calumet,89,4191916,1619N19E,2995441.22320557,6951.37955428569
158,IG716,Calumet,55,4172033,3317N20E,2604563.61322021,6455.28799347755
159,KV346,Manitowoc,70,4212406,0621N24E,2639080.76776123,6501.26998513817
160,OP862,Manitowoc,144,4202219,1920N22E,2724011.425354,6599.97228375071
161,AAG244,Manitowoc,10,4192409,0919N24E,2555620.21856689,6407.61395523211
162,MS254,Manitowoc,108,4192128,2819N21E,2607852.85205078,6455.02166054372
163,MR089,Outagamie,106,4241722,2224N17E,2529429.76019287,6425.12734935231
164,MP386,Outagamie,103,4221504,0422N15E,2270206.4569397,6005.14075008082
165,NQ138,Outagamie,125,4221712,1222N17E,2615871.49606323,6459.65806116935
166,LW726,Outagamie,90,4221917,1722N19E,2599939.34280396,6451.44303943057
167,ID876,Outagamie,53,4221726,2622N17E,2605579.28387451,6452.69915316379
168,RX334,Outagamie,196,4211515,1521N15E,2622707.61390686,6486.24829569494
169,SU080,Jackson,222,2230426,2623N04W,2586540.70571899,6443.04237512525
170,AAF376,Jackson,7,4220119,1922N01E,2606987.82929993,6459.82902548897
171,LE824,Jackson,78,2220527,2722N05W,2647820.40844727,6549.67790801567
172,AAD971,Jackson,3,2220327,2722N03W,2680057.86839294,6546.20058727715
173,ZZ580,Jackson,449,2210622,2221N06W,2569914.69625854,6414.90585687235
174,QX546,Jackson,163,2200425,2520N04W,2592869.37443542,6442.40184102933
175,YG718,Trempealeau,397,2240736,3624N07W,2592176.14561462,6447.938207245
176,WH081,Trempealeau,321,2230903,0323N09W,2729241.71609497,6591.14531370814
177,XK721,Trempealeau,360,2220830,3022N08W,2592047.26344299,6444.85905531691
178,SH737,Trempealeau,209,2200911,1120N09W,2542297.59767151,6387.57566929625
179,XF123,Trempealeau,352,2200724,2420N07W,2585738.18241882,6431.30049511155
180,RE071,Buffalo,172,2241331,3124N13W,2604916.71520996,6453.80285974384
181,UO328,Buffalo,279,2231107,0723N11W,2668163.73623657,6525.46703129222
182,KK291,Buffalo,59,2231425,2523N14W,2557981.50653076,6394.08465474346
183,XY934,Buffalo,387,2221128,2822N11W,2577729.30664063,6411.72657412068
184,XV450,Buffalo,381,2201207,0720N12W,2422852.24206543,6236.38114865772
185,XF582,Buffalo,354,2201111,1120N11W,2547358.9221344,6365.74706471889
186,NC318,Buffalo,115,2191106,0619N11W,2874350.19421387,6883.26115881655
187,UB442,Wood,268,4250321,2125N03E,2561956.29832458,6410.824831151
188,TJ516,Wood,242,4250226,2625N02E,2552434.38204956,6394.25672883155
189,LI962,Wood,82,4230203,0323N02E,2764490.34338379,6661.50412380432
190,SZ573,Wood,230,4220509,0922N05E,2599608.16876221,6478.91921079017
191,KP603,Wood,66,4220633,3322N06E,2658694.01400757,6531.36784395805
192,TN075,Wood,249,4210302,0221N03E,2711289.86793518,6569.14740011908
193,AT267,Wood,18,4210531,3121N05E,2278887.08123779,6055.28096771145
194,YJ634,Waupaca,399,4251519,1925N15E,3604041.17364502,7707.50984842902
195,GZ634,Waupaca,39,4241208,0824N12E,2504209.68074036,6309.25035293392
196,SK353,Waupaca,212,4241318,1824N13E,2531448.11416626,6363.33039611165
197,WU673,Waupaca,338,4241125,2524N11E,2580418.15620422,6445.54947019012
198,KC746,Waupaca,58,4231321,2123N13E,2657543.37419128,6504.09773471437
199,HZ644,Waupaca,45,4221421,2122N14E,2598157.69212341,6459.57596406367
200,IC501,Waupaca,51,4221131,3122N11E,2636493.55734253,6508.74153696115
201,IB804,Waupaca,50,4211103,0321N11E,2598491.16200256,6437.68103285123
202,NZ874,Portage,134,4250919,1925N09E,5400428.44506836,11595.4721835988
203,RV023,Portage,193,4240604,0424N06E,2612427.87770081,6476.7736674896
204,TC592,Portage,232,4240807,0724N08E,2218742.29696655,5978.96760404816
205,KL966,Portage,62,4240835,3524N08E,2593702.81530762,6422.97218695282
206,RN695,Portage,183,4230715,1523N07E,2609299.11761475,6445.97790171402
207,NW350,Portage,132,4221003,0322N10E,2573156.88540649,6419.34213840143
208,TG597,Portage,237,4210929,2921N09E,2613247.46754456,6449.44598473925
209,KZ263,Brown,74,4252015,1525N20E,2560120.18096924,6420.1563707984
210,MB015,Brown,93,4242225,2524N22E,2605476.80300903,6470.32798663674
211,NC721,Brown,117,4232204,0423N22E,2639905.44873047,6498.15593466542
212,KV308,Brown,69,4232136,3623N21E,2632533.71087646,6484.67416815993
213,AAH883,Pepin,14,2251317,1725N13W,2585777.43325806,6443.71281341937
214,XH873,Kewaunee,357,4242405,0524N24E,2646576.70147705,6515.85471179376
215,XQ904,Kewaunee,370,4232518,1823N25E,2604169.64959717,6437.31931548274
216,TH083,Eau Claire,238,2270501,0127N05W,2607147.65132141,6442.79059781017
217,CQ408,Eau Claire,21,2260927,2726N09W,2691630.6121521,6574.26008350841
218,LG400,Eau Claire,80,2260628,2826N06W,2648767.87495422,6505.73720302577
219,YY753,Eau Claire,416,2250907,0725N09W,2558545.28268433,6380.03317093542
220,RQ978,Eau Claire,190,2250519,1925N05W,2677006.45735168,6530.74550631608
221,RE892,Pierce,174,2271913,1327N19W,2578291.789505,6424.09758299924
222,XY848,Pierce,386,2271735,3527N17W,2570217.48965454,6406.04084385404
223,QX605,Pierce,164,2261909,0926N19W,2575097.27597046,6416.62617401083
224,VH448,Pierce,315,2251522,2225N15W,2523451.58569336,6348.86458906569
225,QX331,Pierce,161,2241803,0324N18W,2572877.30929565,6428.17088949229
226,UQ199,Shawano,283,4281201,0128N12E,2645742.24520874,6515.68725713846
227,RO510,Shawano,184,4271403,0327N14E,2853828.52975464,6782.84500789859
228,ZC436,Shawano,424,4271811,1127N18E,2597300.72058105,6430.49790735758
229,XS660,Shawano,373,4271518,1827N15E,3047588.76272583,7006.20588474618
230,SD145,Shawano,203,4271119,1927N11E,2534144.81912231,6366.73437561652
231,UY461,Shawano,300,4261203,0326N12E,2836285.78677368,6738.2765639908
232,RI737,Shawano,177,4261824,2426N18E,2586929.22769165,6436.72904402772
233,VE810,Shawano,311,4261529,2926N15E,2623442.1829834,6473.52043211752
234,GD904,Clark,35,2290105,0529N01W,2511028.33024597,6341.57757428574
235,TO609,Clark,251,4290135,3529N01E,2572475.76139832,6416.88171139253
236,YZ913,Clark,418,2290233,3329N02W,2601617.73706055,6445.24680104506
237,UK456,Clark,274,4270121,2127N01E,2578712.90666199,6442.34024358674
238,ZF682,Clark,428,2270234,3427N02W,2594021.49919128,6443.4872619578
239,RK807,Clark,180,2260415,1526N04W,2602502.65777588,6454.38467053927
240,IA652,Clark,47,2240210,1024N02W,2615674.66110229,6477.56542543583
241,AAF986,Clark,9,4230122,2223N01E,2522983.79747009,6370.89824187308
242,UW389,Clark,297,2230334,3423N03W,2621429.17022705,6477.07839857459
243,ML004,Marathon,99,4290406,0629N04E,1873550.34329224,5684.56433384609
244,QM946,Marathon,156,4290907,0729N09E,5676463.48284912,11064.5453180187
245,UR088,Marathon,284,4290215,1529N02E,2566531.3928833,6412.46874937938
246,TM376,Marathon,248,4290624,2429N06E,2572484.08811951,6438.67745468393
247,YT552,Marathon,408,4280515,1528N05E,2589666.59588623,6430.33142936832
248,AAE487,Marathon,6,4280925,2528N09E,2582416.49636841,6437.40721280872
249,SG442,Marathon,207,4280931,3128N09E,5397509.53901672,11503.8959099773
250,MS538,Marathon,109,4270725,2527N07E,2587807.15158081,6440.65343157972
251,LM904,Marathon,85,4260505,0526N05E,2606125.9282074,6420.29609616387
252,SU153,Marathon,223,4260728,2826N07E,2600445.80941772,6436.71736895437
253,KR428,Marathon,68,4260234,3426N02E,2552617.97276306,6391.55560408361
254,YH986,Dunn,398,2311304,0431N13W,2609299.42175293,6470.9068334864
255,LH644,Dunn,81,2311125,2531N11W,2659250.40626526,6504.08691006139
256,YL708,Dunn,403,2311433,3331N14W,2317654.38850403,6088.17258272751
257,OI992,Dunn,140,2301326,2630N13W,2586050.15026855,6446.92152928064
258,YN746,Dunn,404,2291209,0929N12W,2607280.08666992,6480.40450079032
259,RY467,Dunn,198,2291109,0929N11W,2595944.9079895,6455.41693163554
260,ZH432,Dunn,431,2271402,0227N14W,2497648.63397217,6315.03763281192
261,WL149,Dunn,324,2271207,0727N12W,2573446.1627655,6396.86479819568
262,RQ580,St. Croix,188,2311903,0331N19W,2494498.79469299,6322.23690138751
263,RJ274,St. Croix,178,2301801,0130N18W,2637899.4667511,6505.80312596272
264,XZ234,St. Croix,388,2301822,2230N18W,2611271.8540802,6458.95118553588
265,SR272,St. Croix,220,2291717,1729N17W,2552889.91265869,6395.31579841138
266,XQ043,St. Croix,368,2281601,0128N16W,2597612.66931152,6447.73995692876
267,SF651,St. Croix,205,2281823,2328N18W,2617597.15156555,6461.20994514836
268,ML990,Chippewa,102,2320610,1032N06W,2592708.32278442,6463.09417908789
269,UD206,Chippewa,270,2320818,1832N08W,2537026.91444397,6411.55775505992
270,ZX070,Chippewa,442,2310520,2031N05W,2464930.21075439,6326.58904111795
271,AAE051,Chippewa,4,2300723,2330N07W,2574035.53057861,6413.85210683924
272,ZY324,Chippewa,444,2300826,2630N08W,2621653.47569275,6484.58638336207
273,SR199,Chippewa,219,2280502,0228N05W,2613199.71884155,6470.64152777537
274,QZ524,Chippewa,168,2280715,1528N07W,2574352.83666992,6403.82436366395
275,VH587,Chippewa,316,2280926,2628N09W,2582900.98635864,6422.5232147803
276,NG873,Chippewa,121,2281032,3228N10W,2625737.51223755,6480.88077388185
277,UJ509,Chippewa,272,2280726,2628N07W,2571933.29690552,6420.40852678652
278,MQ547,Chippewa,105,2280834,3428N08W,2610538.69946289,6450.01493143784
279,HY928,Door,43,4322821,2132N28E,2670968.16970825,6537.30267894212
280,TE502,Door,234,4292620,2029N26E,2666258.27212524,6568.75614168297
281,VD314,Door,308,4272415,1527N24E,2609926.42172241,6466.9878576445
282,WP380,Door,329,4262332,3226N23E,2598754.03421021,6447.2685670068
283,QM067,Taylor,155,2330317,1733N03W,2628950.10232544,6465.64791332621
284,ML104,Taylor,100,2330420,2033N04W,2591541.58120728,6433.00823031082
285,ZD265,Taylor,426,4320101,0132N01E,2690889.49526978,6470.37021123859
286,ZA877,Taylor,419,2320335,3532N03W,2585404.38885498,6414.4810616922
287,TO644,Taylor,252,4310106,0631N01E,4994290.17010498,9381.32365393133
288,WR589,Taylor,333,2310320,2031N03W,2622945.20751953,6483.04880305396
289,XS419,Taylor,371,4300213,1330N02E,2549569.75068665,6393.48056834839
290,QY963,Oconto,167,4331622,2233N16E,2526325.65353394,6357.59617086568
291,NU170,Oconto,130,4321509,0932N15E,2680414.1552124,6574.10451755204
292,WQ996,Oconto,332,4311730,3031N17E,2902441.3404541,6814.79820258058
293,UU518,Oconto,288,4311636,3631N16E,2525277.03109741,6354.31803995183
294,SD412,Oconto,204,4301932,3230N19E,2567829.46194458,6418.34723428998
295,WL991,Oconto,326,4292124,2429N21E,2611961.17565918,6461.21743364891
296,WV197,Oconto,339,4281730,3028N17E,2313028.00427246,6102.65548905382
297,NC609,Oconto,116,4281927,2728N19E,2586723.15231323,6442.03793928044
298,MV409,Oconto,111,4262036,3626N20E,2621433.56420898,6471.28932239002
299,AAL372,Langlade,16,4341112,1234N11E,2699965.19897461,6558.72711884304
300,KZ003,Langlade,73,4341012,1234N10E,2783214.97650146,6749.9580081111
301,ML891,Langlade,101,4321232,3232N12E,2618575.60549927,6428.64788241073
302,IE344,Langlade,54,4311003,0331N10E,2585193.52819824,6425.36828479115
303,NK040,Langlade,122,4311430,3031N14E,2646913.8046875,6534.1230373992
304,RQ663,Langlade,189,4311128,2831N11E,2625536.44207764,6498.56312750618
305,WX668,Langlade,342,4311436,3631N14E,2584042.05429077,6435.85730197647
306,XN403,Langlade,366,4301105,0530N11E,2939466.35202026,6887.71581292289
307,XZ261,Lincoln,389,4350516,1635N05E,2584213.10876465,6481.81064079636
308,RR035,Lincoln,191,4340403,0334N04E,2552871.7925415,6457.46383673613
309,TK235,Lincoln,244,4340623,2334N06E,2519021.63555908,6351.87263428084
310,UA232,Lincoln,266,4340826,2634N08E,2562911.76580811,6434.96996097668
311,ZL017,Lincoln,435,4320712,1232N07E,2607858.70892334,6450.21152421871
312,OH064,Lincoln,138,4320707,0732N07E,2570861.18237305,6405.94709870509
313,QW834,Lincoln,159,4310504,0431N05E,2598372.42684937,6436.47369136604
314,SX598,Lincoln,225,4310729,2931N07E,2570036.43334961,6442.74910458896
315,XD298,Rusk,349,2350307,0735N03W,2633927.11827087,6493.04670402074
316,NA300,Rusk,113,2350916,1635N09W,2579877.67840576,6423.91162268421
317,QJ428,Rusk,153,2350726,2635N07W,2564604.18443298,6418.85806844422
318,LF607,Rusk,79,2350530,3035N05W,2671982.54937744,6556.8803427381
319,ZT322,Rusk,436,2340401,0134N04W,2463597.37879944,6275.60631342127
320,WI137,Rusk,322,2340714,1434N07W,2571895.05778503,6389.975947534
321,WQ737,Rusk,331,2340932,3234N09W,2542688.30677795,6360.1832333462
322,UV787,Barron,292,2361118,1836N11W,2619993.29067993,6474.1940504788
323,US108,Barron,286,2361436,3636N14W,2532626.39013672,6368.58674462766
324,TR906,Barron,254,2341407,0734N14W,2656860.52392578,6465.07661011664
325,ZB882,Barron,422,2331201,0133N12W,2423757.02767944,6238.55443983602
326,AAB015,Barron,1,2331007,0733N10W,2688183.20309448,6554.48982878806
327,XM751,Barron,364,2331019,1933N10W,2607782.36746216,6488.20698413998
328,XE822,Polk,351,2361831,3136N18W,2559457.43269348,6410.81036858222
329,LA756,Polk,75,2361734,3436N17W,2512604.15661621,6375.53738979191
330,TE605,Polk,235,2351536,3635N15W,2594416.62884521,6439.56883381836
331,YB491,Polk,391,2331924,2433N19W,2559942.89941406,6396.8833837219
332,ZT688,Polk,438,2321713,1332N17W,2514375.15626526,6330.35380669926
333,KQ940,Polk,67,2321534,3432N15W,2630655.53858948,6487.68905396516
334,MU795,Marinette,110,4382024,2438N20E,2631833.33486938,6445.45414101554
335,ZB191,Marinette,420,4362018,1836N20E,2441636.74252319,6274.15841378469
336,UU877,Marinette,289,4341723,2334N17E,2478170.88735962,6317.34142196555
337,XM519,Marinette,363,4332106,0633N21E,2622944.15820313,6537.9281688292
338,QS151,Marinette,158,4331801,0133N18E,2574076.25961304,6409.34872128571
339,TX793,Marinette,262,4331834,3433N18E,2580590.92053223,6416.12513724359
340,XU093,Marinette,377,4321908,0832N19E,2659804.33526611,6474.23348624008
341,TM090,Marinette,247,4312203,0331N22E,2255336.92593384,6230.40157892423
342,MC882,Marinette,94,4302111,1130N21E,2625979.53591919,6473.75995163824
343,XM209,Marinette,362,4302333,3330N23E,2524945.75634766,6343.12604368555
344,UV161,Oneida,290,4390712,1239N07E,2556013.66293335,6408.17267695882
345,DP991,Oneida,26,4390625,2539N06E,2676627.58782959,6775.45389825672
346,XT498,Oneida,376,4391130,3039N11E,2660127.91879272,6775.58628162799
347,XK615,Oneida,359,4391125,2539N11E,2459792.59301758,6286.31057633981
348,AAF770,Oneida,8,4381128,2838N11E,2640029.30993652,6571.77992616665
349,TS070,Oneida,255,4370601,0137N06E,2648590.5993042,6515.63514051041
350,IB646,Oneida,49,4370403,0337N04E,2527893.70440674,6353.24719481718
351,EJ981,Oneida,27,4371026,2637N10E,2667811.55834961,6609.14548656757
352,QL354,Oneida,154,4360705,0536N07E,2995509.54974365,6985.47714422368
353,AAC751,Oneida,2,4360611,1136N06E,2607656.75720215,6477.40654559318
354,RI253,Oneida,176,4360820,2036N08E,2262936.7739563,6121.01183241023
355,XQ839,Oneida,369,4351123,2335N11E,2603415.24569702,6517.54195475505
356,VB657,Oneida,305,4351026,2635N10E,2812308.81546021,6764.41180292843
357,LC654,Price,76,4400309,0940N03E,2485154.22180176,6265.72175837552
358,XY296,Price,385,2400230,3040N02W,2485551.8717041,6295.41375770226
359,NO671,Price,124,4400329,2940N03E,2550295.12908936,6384.62497533871
360,WR918,Price,334,2400134,3440N01W,2626308.47753906,6483.00957594034
361,HK187,Price,40,4370205,0537N02E,2567916.47723389,6412.53115349122
362,XL860,Price,361,2370211,1137N02W,2584757.8482666,6416.01355751017
363,RV752,Price,194,2370112,1237N01W,2696127.34890747,6560.0015319948
364,TO436,Price,250,2360115,1536N01W,2549595.33346558,6397.23454124023
365,ZC972,Price,425,4350114,1435N01E,2539876.6741333,6384.5026998881
366,SW342,Price,224,2350136,3635N01W,2588887.55477905,6448.1943082175
367,UL491,Price,276,4340226,2634N02E,2551729.9128418,6340.80169195667
368,CG275,Florence,20,4401933,3340N19E,2591411.722229,6425.33022858784
369,ZJ137,Florence,433,4391507,0739N15E,2459701.25732422,6255.2722643595
370,AAE101,Florence,5,4381506,0638N15E,2685312.02362061,6565.72678435084
371,XB269,Florence,345,4381911,1138N19E,2499619.71661377,6414.45587228981
372,XC490,Florence,348,4381923,2338N19E,2559596.118927,6394.23570153465
373,UY652,Forest,301,4401216,1640N12E,2562778.16381836,6388.61652387917
374,ND085,Forest,118,4371622,2237N16E,2502720.76763916,6333.3113676583
375,ZB977,Forest,423,4371327,2737N13E,2473585.74749756,6350.35208975139
376,ZK262,Forest,434,4371636,3637N16E,2606380.79119873,6435.51650334345
377,YC546,Forest,394,4361613,1336N16E,2600482.74008179,6444.4216412024
378,UW094,Forest,296,4351318,1835N13E,2463333.68252563,6265.9086659272
379,MS055,Forest,107,4351529,2935N15E,2591269.05096436,6439.73198796145
380,XT232,Forest,374,4341314,1434N13E,2461842.48022461,6284.80385772827
381,OV291,Sawyer,148,2420803,0342N08W,2527676.90611267,6354.14799919252
382,SZ369,Sawyer,229,2410706,0641N07W,2824995.13290405,6694.68003731332
383,YJ697,Sawyer,400,2410808,0841N08W,2579566.94239807,6413.77740847703
384,TX195,Sawyer,261,2400409,0940N04W,2336222.15115356,6263.42244675048
385,YK267,Sawyer,401,2400836,3640N08W,2556091.58282471,6378.67378364003
386,RG643,Sawyer,175,2390911,1139N09W,2573115.62657166,6326.01799125994
387,QY270,Sawyer,166,2390534,3439N05W,2613633.65901184,6479.49692809138
388,TL046,Sawyer,245,2380717,1738N07W,2575875.38439941,6367.2490391558
389,ZY529,Sawyer,445,2380624,2438N06W,2678711.28486633,6523.07619410748
390,AAH645,Sawyer,12,2370910,1037N09W,2541473.02424622,6397.79286297013
391,RP769,Washburn,186,2411318,1841N13W,2712862.70759583,6576.43376245915
392,UV796,Washburn,294,2401323,2340N13W,2516858.73304749,6368.15291258717
393,WY758,Washburn,343,2401124,2440N11W,2463971.04745483,6304.33457236944
394,TD223,Washburn,233,2401125,2540N11W,2487160.78398132,6313.44100471609
395,TJ997,Washburn,243,2381234,3438N12W,2553107.58398438,6395.44103597895
396,XG478,Washburn,356,2371112,1237N11W,2505636.22940063,6408.71768505359
397,XX906,Burnett,384,2421501,0142N15W,2646218.2484436,6534.3311297079
398,YZ832,Burnett,417,2401605,0540N16W,1707215.63204956,5355.65266919921
399,OU031,Burnett,147,2401425,2540N14W,2549943.84413147,6416.1099377022
400,TZ048,Burnett,264,2391619,1939N16W,2425511.1758728,6252.87266010519
401,UV778,Burnett,291,2391531,3139N15W,3185091.31236267,7215.25865136314
402,UO803,Burnett,281,2381929,2938N19W,2606973.08726501,6449.45668837239
403,TJ420,Burnett,241,2371923,2337N19W,2577385.76869202,6418.31293284062
404,UV794,Burnett,293,2371415,1537N14W,2620068.52819824,6473.09006134734
405,ZD365,Burnett,427,2371826,2637N18W,2586133.12805176,6421.12266878851
406,LD962,Vilas,77,4430619,1943N06E,2585810.71630859,6494.15879476882
407,YC009,Vilas,392,4430831,3143N08E,2552050.48477173,6421.86656997327
408,ZF893,Vilas,429,4431031,3143N10E,2540597.35766602,6353.85413513167
409,RB194,Vilas,170,4411027,2741N10E,2604239.66088867,6476.15467015873
410,TF854,Vilas,236,4410526,2641N05E,2604024.57162476,6469.40855049408
411,ZJ132,Vilas,432,4400805,0540N08E,2189406.70565796,5827.46716519195
412,KN730,Vilas,65,4400615,1540N06E,2608567.61868286,6470.76353287903
413,GG270,Vilas,37,4400427,2740N04E,2557469.27230835,6405.67868722392
414,MP942,Iron,104,4460119,1946N01E,2677269.53643799,6512.67916905649
415,WL316,Iron,325,4450119,1945N01E,2695348.08184814,6578.92769864636
416,TW990,Iron,260,4440429,2944N04E,2502674.24179077,6421.7101681779
417,UM230,Iron,277,4430311,1143N03E,2558996.18191528,6377.29160691884
418,SL943,Douglas,214,2481327,2748N13W,2616767.79200745,6440.47697379626
419,VC453,Douglas,307,2481233,3348N12W,2602807.05761719,6480.1900585427
420,SL963,Douglas,215,2471410,1047N14W,2603689.92019653,6439.29661420499
421,XB717,Douglas,346,2471108,0847N11W,2584456.82247925,6433.9040846924
422,YO667,Douglas,406,2471336,3647N13W,2579123.81010437,6427.11618977899
423,NX556,Douglas,133,2461113,1346N11W,2561466.78009033,6398.74763308233
424,RM860,Douglas,181,2451131,3145N11W,2651449.38504028,6529.07338553987
425,XN578,Douglas,367,2441203,0344N12W,2520134.17590332,6373.04745424713
426,NF875,Douglas,120,2441431,3144N14W,2653103.80801392,6556.29108917419
427,YC103,Douglas,393,2431132,3243N11W,2520367.07037354,6378.78135837361
428,YX403,Douglas,413,2431231,3143N12W,2623761.30545044,6505.56435679314
429,VE191,Bayfield,310,2510519,1951N05W,2622089.20413208,6460.55171035179
430,RA894,Bayfield,169,2510629,2951N06W,2613141.49176025,6465.95851599745
431,XD529,Bayfield,350,2500830,3050N08W,2662197.34338379,6519.42057643041
432,SA055,Bayfield,200,2490817,1749N08W,2456105.68765259,6269.63973593437
433,XN252,Bayfield,365,2490427,2749N04W,2469046.33425903,6302.93264462201
434,XV193,Bayfield,380,2470919,1947N09W,2581967.65155029,6444.93897964005
435,ZG014,Bayfield,430,2470827,2747N08W,2562294.12402344,6405.99382494117
436,YU906,Bayfield,411,2470532,3247N05W,2596827.89248657,6441.12263315481
437,YN838,Bayfield,405,2450721,2145N07W,2529099.54272461,6400.77070464942
438,WQ128,Bayfield,330,2440905,0544N09W,2580148.5620575,6481.06291972786
439,AAH816,Bayfield,13,2440632,3244N06W,2600659.39727783,6472.95905621267
440,YL407,Bayfield,402,2430610,1043N06W,2542604.85720825,6388.80506751428
441,WT170,Bayfield,337,2430535,3543N05W,2540771.33599854,6415.74358815788
442,XF521,Ashland,353,2470409,0947N04W,2565796.6394043,6403.33137681695
443,UK740,Ashland,275,2460407,0746N04W,2563370.78842163,6407.31199646451
444,RP932,Ashland,187,2450410,1045N04W,2559532.4781189,6400.12238054297
445,LZ062,Ashland,92,2450321,2145N03W,2528352.86068726,6360.33252745012
446,UR320,Ashland,285,2430404,0443N04W,2894501.10568237,6803.16662159858
447,WO123,Ashland,327,2430126,2643N01W,2513551.3520813,6341.09881066801
448,SM835,Ashland,216,2420218,1842N02W,2589283.82217407,6448.67197596413
449,RO667,Ashland,185,4410130,3041N01E,2712481.4541626,6570.90059468827
450,PY201,Ashland,149,2410132,3241N01W,2547583.2517395,6391.83553219438
